station_m,elevation_m,
0,1.021,
1.299810755,0.294,
2.594188312,0.174,
3.586267697,0.084,
4.281458864,0,
4.816802673,0.092,
5.027701761,0.017,
6.424255443,0.094,
7.795823561,0.298,
8.25493622,0.26,
10.60295077,0.309,
11.35009401,0.364,
11.40024267,0.323,
12.11712573,0.286,
12.21853183,0.336,
13.06501106,0.393,
13.10014202,0.426,
13.99135737,0.887,
,,
,,
,,
,,
,,
,,
,,
,,
,,
,,
,,
,,
,,
,,
,,
,,
,,
,,
,,
,,
,,
,,
,,
,,
,,
,,
,,
,,
,,
,,
,,
,,
,,
,,
,,
,,
,,
,,
,,
,,
,,
,,
,,
,,
,,
,,
,,
,,
,,
,,
,,
,,
,,
,,
,,
,,
,,
,,
,,
,,
,,
,,
,,
,,
,,
,,
,,
,,
,,
,,
,,
,,
,,
,,
,,
,,
,,
,,
,,
,,
,,
,,
,,
,,
,,
,,
,,
,,
,,
,,
,,
,,
,,
,,
,,
,,
,,
,,
,,
,,
,,
,,
,,
,,
,,
,,
,,
,,
,,
,,
,,
,,
,,
,,
,,
,,
,,
,,
,,
,,
,,
